Workbook

Sheet 福祉用具購入受領委任払申請書
B2: 介護保険居宅介護（介護予防）福祉用具購入承認申請書（受領委任払用）
R3: 保険者番号 | AA3: 4 | AB3: 0 | AC3: 6 | AD3: 2 | AE3: 5 | AF3: 6
B4: ﾌﾘｶﾞﾅ | R4: 被保険者番号
B5: 被保険者氏名
R6: 個人番号
B7: 生年月日 | W7: 性 別 | AA7: 男 ・ 女
B8: 住所
W9: 電話番号
B10: 福祉用具名 (種目名及び商品名) | I10: 製造事業者名及び 販売事業者名 | R10: 購入金額 | Y10: ＴＡＩＳコード
B20: 福祉用具が必要な理由 （ｹｱﾏﾈｰｼﾞｬｰ署名） | I20: （居宅サービス計画の届出 有・無）
B22: 受領委任事業者 | I22: 業 者 名 | N22: 太陽シルバーサービス株式会社 行橋営業所
I23: 住 所 | N23: 行橋市大字流末1327番地
I24: 電話番号 | N24: 0930-26-9640
I25: 受領委任払い取扱事業所登録番号 | AC25: 0 | AD25: 0 | AE25: 0 | AF25: 5
C26: みやこ町長 様
C28: 上記のとおり関係書類を添えて居宅介護（支援）福祉用具購入の承認を申請します。
G30: 年 | J30: 月 | M30: 日
F32: 住所 | I32: =IF(I9="","",I9)
C33: 申請者
C34: （本人） | F34: 氏名 | T34: 電話番号 | X34: =IF(Z9="","",Z9)
C36: 届出者 | F36: 氏名 | N36: （本人との関係：事業者） 電話番号 | Y36: 0930-26-9640
B40: みやこ町 記入欄
B41: 前回までの購入金額 | L41: 今回の購入金額 | V41: 今回までの通算金額
B42: 円 | L42: 円 | V42: 円
C44: ※滞納 □有 □無 | K44: ※給付額減額 □有 □無 | U44: ※要介護（支援）認定 □有 □無
B46: ※添付書類 □の中にチェックをいれてください。
B47: □１ 見積書 | V47: 福祉用具購入受付番号
B48: □２ パンフレット
C49: （TAISコード記載時は省略可）
B50: □３ 委任状
B51: ※添付書類は番号順にそろえてください。

Sheet 福祉用具支給申請(受領委任）
A2: 介護保険居宅介護（介護予防）福祉用具購入費支給申請書（受領委任払用）
R3: 保険者番号 | AA3: 4 | AB3: 0 | AC3: 6 | AD3: 2 | AE3: 5 | AF3: 6
B4: ﾌﾘｶﾞﾅ | I4: =IF(福祉用具購入受領委任払申請書!I4="","",福祉用具購入受領委任払申請書!I4) | R4: 被保険者番号 | W4: =IF(福祉用具購入受領委任払申請書!W4="","",福祉用具購入受領委任払申請書!W4) | X4: =IF(福祉用具購入受領委任払申請書!X4="","",福祉用具購入受領委任払申請書!X4) | Y4: =IF(福祉用具購入受領委任払申請書!Y4="","",福祉用具購入受領委任払申請書!Y4) | Z4: =IF(福祉用具購入受領委任払申請書!Z4="","",福祉用具購入受領委任払申請書!Z4) | AA4: =IF(福祉用具購入受領委任払申請書!AA4="","",福祉用具購入受領委任払申請書!AA4) | AB4: =IF(福祉用具購入受領委任払申請書!AB4="","",福祉用具購入受領委任払申請書!AB4) | AC4: =IF(福祉用具購入受領委任払申請書!AC4="","",福祉用具購入受領委任払申請書!AC4) | AD4: =IF(福祉用具購入受領委任払申請書!AD4="","",福祉用具購入受領委任払申請書!AD4) | ... AF4: =IF(福祉用具購入受領委任払申請書!AF4="","",福祉用具購入受領委任払申請書!AF4)
B5: 被保険者氏名 | I5: =IF(福祉用具購入受領委任払申請書!I5="","",福祉用具購入受領委任払申請書!I5)
R6: 個人番号
B7: 生年月日 | I7: =福祉用具購入受領委任払申請書!I7 | W7: 性 別 | AA7: 男 ・ 女
B8: 住 所 | I8: =福祉用具購入受領委任払申請書!I8 -> 0
I9: =IF(福祉用具購入受領委任払申請書!I9="","",福祉用具購入受領委任払申請書!I9) | W9: 電話番号 | Z9: =IF(福祉用具購入受領委任払申請書!Z9="","",福祉用具購入受領委任払申請書!Z9)
B10: 福祉用具名 (種目名及び商品名) | I10: 製造事業者名及び販売事業者名 | P10: 購入金額 | V10: 購入日 | AA10: ＴＡＩＳコード
AA12: =IF(福祉用具購入受領委任払申請書!Y12="","",福祉用具購入受領委任払申請書!Y12)
AA14: =IF(福祉用具購入受領委任払申請書!Y14="","",福祉用具購入受領委任払申請書!Y14)
AA16: =IF(福祉用具購入受領委任払申請書!Y16="","",福祉用具購入受領委任払申請書!Y16)
AA18: =IF(福祉用具購入受領委任払申請書!Y18="","",福祉用具購入受領委任払申請書!Y18)
C21: みやこ町長 様
C23: 上記のとおり関係書類を添えて居宅介護（支援）福祉用具購入費の支給を申請します。
K25: 年 | N25: 月 | Q25: 日
D27: 申請者 | K27: 住 所 | P27: =福祉用具購入受領委任払申請書!N23 -> 行橋市大字流末1327番地
D29: （受領委任事業者） | K29: 事業所名 | P29: =福祉用具購入受領委任払申請書!N22 -> 太陽シルバーサービス株式会社 行橋営業所
K31: 電話番号 | P31: =福祉用具購入受領委任払申請書!N24 -> 0930-26-9640
G33: 受領委任払い取扱事業所登録番号 | AA33: 0 | AB33: 0 | AC33: 0 | AD33: 5
B40: みやこ町 記入欄
B41: 前回までの購入金額 | L41: 今回の購入金額 | V41: 今回までの通算金額
B42: 円 | L42: 円 | V42: 円
B43: 介護保険料納付状況 | L43: 滞納保険料 | R43: 有 ・ 無
B45: ※添付書類 □の中にチェックをいれて下さい。
B46: □１ 承認決定通知書の写し | K46: □４ 納品が確認できる写真 | V46: 福祉用具購入受付番号
B47: □２ 見積書 | K47: □５ 領収書の写し
B48: □３ 見積書 | D48: パンフレット | K48: □６ 請求書
B49: （TAISコード記載時は省略可） | K49: □７ 委任状
B50: ※添付書類は番号順にそろえてください。

Sheet 福祉用具購入内訳明細
B3: 福 祉 用 具 購 入 内 訳 明 細 書
B6: ﾌﾘｶﾞﾅ | I6: =IF(福祉用具購入受領委任払申請書!I4="","",福祉用具購入受領委任払申請書!I4) | R6: 保険者番号 | AA6: 4 | AB6: 0 | AC6: 6 | AD6: 2 | AE6: 5 | AF6: 6
B7: 被保険者氏名 | I7: =IF(福祉用具購入受領委任払申請書!I5="","",福祉用具購入受領委任払申請書!I5)
R8: 被保険者番号 | W8: =IF(福祉用具購入受領委任払申請書!W4="","",福祉用具購入受領委任払申請書!W4) | X8: =IF(福祉用具購入受領委任払申請書!X4="","",福祉用具購入受領委任払申請書!X4) | Y8: =IF(福祉用具購入受領委任払申請書!Y4="","",福祉用具購入受領委任払申請書!Y4) | Z8: =IF(福祉用具購入受領委任払申請書!Z4="","",福祉用具購入受領委任払申請書!Z4) | AA8: =IF(福祉用具購入受領委任払申請書!AA4="","",福祉用具購入受領委任払申請書!AA4) | AB8: =IF(福祉用具購入受領委任払申請書!AB4="","",福祉用具購入受領委任払申請書!AB4) | AC8: =IF(福祉用具購入受領委任払申請書!AC4="","",福祉用具購入受領委任払申請書!AC4) | AD8: =IF(福祉用具購入受領委任払申請書!AD4="","",福祉用具購入受領委任払申請書!AD4) | ... AF8: =IF(福祉用具購入受領委任払申請書!AF4="","",福祉用具購入受領委任払申請書!AF4)
B10: 事業者 | C10: 住 所 | I10: =福祉用具購入受領委任払申請書!N23 -> 行橋市大字流末1327番地
C11: 名 称 | I11: =福祉用具購入受領委任払申請書!N22 -> 太陽シルバーサービス株式会社 行橋営業所
B14: 福祉用具購入 | C14: 福祉用具種目
C15: 福祉用具商品名
C16: 備 考 （特注品等）
C17: 製造事業者名
C18: 販売事業者名
C19: 購入金額
C20: 購入予定日

Sheet 納品確認写真用紙
G1: 福祉用具購入納品確認写真用紙
C5: 被保険者氏名 | Q5: 被保険者番号
C7: 納 品 名
D39: １．利用者写真撮影 OK
D42: ２．利用者写真撮影 NO
I45: 受け取り者氏名
D49: ３．一人暮らしでサインのできない方
I52: 納品事業者担当氏名

Sheet 納品確認写真用紙 (2)
G1: 福祉用具購入納品確認写真用紙
C5: 被保険者氏名 | Q5: 被保険者番号
C7: 納 品 名
D39: １．利用者写真撮影 OK
D42: ２．利用者写真撮影 NO
I45: 受け取り者氏名
D49: ３．一人暮らしでサインのできない方
I52: 納品事業者担当氏名

Sheet 納品確認写真用紙 (3)
G1: 福祉用具購入納品確認写真用紙
C5: 被保険者氏名 | Q5: 被保険者番号
C7: 納 品 名
D39: １．利用者写真撮影 OK
D42: ２．利用者写真撮影 NO
I45: 受け取り者氏名
D49: ３．一人暮らしでサインのできない方
I52: 納品事業者担当氏名

Sheet 納品確認写真用紙 (4)
G1: 福祉用具購入納品確認写真用紙
C5: 被保険者氏名 | Q5: 被保険者番号
C7: 納 品 名
D39: １．利用者写真撮影 OK
D42: ２．利用者写真撮影 NO
I45: 受け取り者氏名
D49: ３．一人暮らしでサインのできない方
I52: 納品事業者担当氏名
